rowLabel,colLabel,value
Glob,Glob,1.0
Glob,64N-90N,0.921843000923971
Glob,GlobalCO2Mean,0.9162398453955206
64N-90N,Glob,0.921843000923971
64N-90N,64N-90N,1.0
64N-90N,GlobalCO2Mean,0.9000837000941111
GlobalCO2Mean,Glob,0.9162398453955206
GlobalCO2Mean,64N-90N,0.9000837000941111
GlobalCO2Mean,GlobalCO2Mean,1.0
